-- MySQL Script generated by MySQL Workbench
-- 05/22/15 00:42:45
-- Model: New Model    Version: 1.0
-- MySQL Workbench Forward Engineering

SET @OLD_UNIQUE_CHECKS=@@UNIQUE_CHECKS, UNIQUE_CHECKS=0;
SET @OLD_FOREIGN_KEY_CHECKS=@@FOREIGN_KEY_CHECKS, FOREIGN_KEY_CHECKS=0;
SET @OLD_SQL_MODE=@@SQL_MODE, SQL_MODE='TRADITIONAL,ALLOW_INVALID_DATES';

-- -----------------------------------------------------
-- Schema iEnroll
-- -----------------------------------------------------

-- -----------------------------------------------------
-- Schema iEnroll
-- -----------------------------------------------------
CREATE SCHEMA IF NOT EXISTS `iEnroll` DEFAULT CHARACTER SET utf8 COLLATE utf8_general_ci ;
USE `iEnroll` ;

-- -----------------------------------------------------
-- Table `iEnroll`.`users`
-- -----------------------------------------------------
CREATE TABLE IF NOT EXISTS `iEnroll`.`users` (
  `username` VARCHAR(25) NOT NULL,
  `password` VARCHAR(25) NOT NULL,
  `first_name` VARCHAR(45) NOT NULL,
  `last_name` VARCHAR(45) NOT NULL,
  `middle_name` VARCHAR(45) NOT NULL,
  `department` VARCHAR(45) NOT NULL,
  `email` VARCHAR(45) NULL,
  PRIMARY KEY (`username`),
  UNIQUE INDEX `user_id_UNIQUE` (`username` ASC))
ENGINE = InnoDB;


-- -----------------------------------------------------
-- Table `iEnroll`.`students`
-- -----------------------------------------------------
CREATE TABLE IF NOT EXISTS `iEnroll`.`students` (
  `student_id` INT NOT NULL AUTO_INCREMENT,
  `password` VARCHAR(25) NOT NULL,
  `last_name` VARCHAR(45) NOT NULL,
  `first_name` VARCHAR(45) NOT NULL,
  `middle_name` VARCHAR(45) NULL,
  `gender` CHAR(1) NOT NULL,
  `course` VARCHAR(13) NULL,
  `email` VARCHAR(50) NULL,
  PRIMARY KEY (`student_id`),
  UNIQUE INDEX `student_id_UNIQUE` (`student_id` ASC))
ENGINE = InnoDB;


-- -----------------------------------------------------
-- Table `iEnroll`.`schools`
-- -----------------------------------------------------
CREATE TABLE IF NOT EXISTS `iEnroll`.`schools` (
  `school_code` VARCHAR(4) NOT NULL,
  `description` VARCHAR(45) NOT NULL,
  PRIMARY KEY (`school_code`),
  UNIQUE INDEX `school_code_UNIQUE` (`school_code` ASC))
ENGINE = InnoDB;


-- -----------------------------------------------------
-- Table `iEnroll`.`courses`
-- -----------------------------------------------------
CREATE TABLE IF NOT EXISTS `iEnroll`.`courses` (
  `course` VARCHAR(13) NOT NULL,
  `description` VARCHAR(150) NOT NULL,
  `school` VARCHAR(4) NOT NULL,
  `type` VARCHAR(13) NOT NULL,
  PRIMARY KEY (`course`),
  UNIQUE INDEX `course_code_UNIQUE` (`course` ASC))
ENGINE = InnoDB;


-- -----------------------------------------------------
-- Table `iEnroll`.`subjects`
-- -----------------------------------------------------
CREATE TABLE IF NOT EXISTS `iEnroll`.`subjects` (
  `subject_code` VARCHAR(20) NOT NULL,
  `description` VARCHAR(150) NOT NULL,
  `unit` INT NOT NULL,
  `price` DOUBLE NOT NULL DEFAULT 0.00,
  `slots` INT NOT NULL,
  PRIMARY KEY (`subject_code`),
  UNIQUE INDEX `course_code_UNIQUE` (`subject_code` ASC))
ENGINE = InnoDB;


-- -----------------------------------------------------
-- Table `iEnroll`.`classes`
-- -----------------------------------------------------
CREATE TABLE IF NOT EXISTS `iEnroll`.`classes` (
  `class_code` INT NOT NULL AUTO_INCREMENT,
  `subject_code` VARCHAR(20) NOT NULL,
  `start_time` TIME NOT NULL,
  `end_time` TIME NOT NULL,
  `days` VARCHAR(60) NOT NULL,
  `room` VARCHAR(10) NOT NULL,
  PRIMARY KEY (`class_code`),
  UNIQUE INDEX `class_code_UNIQUE` (`class_code` ASC))
ENGINE = InnoDB;


-- -----------------------------------------------------
-- Table `iEnroll`.`curriculums`
-- -----------------------------------------------------
CREATE TABLE IF NOT EXISTS `iEnroll`.`curriculums` (
  `curr_id` INT NOT NULL AUTO_INCREMENT,
  `school_year` INT NOT NULL,
  `course` VARCHAR(13) NOT NULL,
  `year` INT NOT NULL,
  `semester` VARCHAR(10) NOT NULL,
  `subject_code` VARCHAR(10) NOT NULL,
  PRIMARY KEY (`curr_id`),
  UNIQUE INDEX `curr_id_UNIQUE` (`curr_id` ASC))
ENGINE = InnoDB;


-- -----------------------------------------------------
-- Table `iEnroll`.`transcripts`
-- -----------------------------------------------------
CREATE TABLE IF NOT EXISTS `iEnroll`.`transcripts` (
  `trans_id` INT NOT NULL AUTO_INCREMENT,
  `student_id` INT NOT NULL,
  `subject_code` VARCHAR(10) NULL,
  `credited_unit` INT NULL,
  UNIQUE INDEX `trans_id_UNIQUE` (`trans_id` ASC),
  PRIMARY KEY (`trans_id`))
ENGINE = InnoDB;


-- -----------------------------------------------------
-- Table `iEnroll`.`enrollment`
-- -----------------------------------------------------
CREATE TABLE IF NOT EXISTS `iEnroll`.`enrollment` (
  `enrollment_id` VARCHAR(45) NOT NULL,
  `semester` VARCHAR(6) NOT NULL,
  `day` CHAR(2) NOT NULL,
  `date` DATE NOT NULL,
  `year` INT NOT NULL,
  `school` VARCHAR(4) NOT NULL,
  `course` VARCHAR(13) NOT NULL,
  `status` VARCHAR(9) NULL,
  PRIMARY KEY (`enrollment_id`),
  UNIQUE INDEX `enrollment_id_UNIQUE` (`enrollment_id` ASC))
ENGINE = InnoDB;


-- -----------------------------------------------------
-- Table `iEnroll`.`enrolled_subjects`
-- -----------------------------------------------------
CREATE TABLE IF NOT EXISTS `iEnroll`.`enrolled_subjects` (
  `es_id` INT NOT NULL AUTO_INCREMENT,
  `student_id` INT NOT NULL,
  `class_code` INT NOT NULL,
  PRIMARY KEY (`es_id`),
  UNIQUE INDEX `es_id_UNIQUE` (`es_id` ASC))
ENGINE = InnoDB;


-- -----------------------------------------------------
-- Table `iEnroll`.`other_assessment`
-- -----------------------------------------------------
CREATE TABLE IF NOT EXISTS `iEnroll`.`other_assessment` (
  `assess_id` INT NOT NULL,
  `assess_name` VARCHAR(150) NOT NULL,
  `price` DOUBLE NOT NULL DEFAULT 0.00,
  PRIMARY KEY (`assess_id`))
ENGINE = InnoDB;


SET SQL_MODE=@OLD_SQL_MODE;
SET FOREIGN_KEY_CHECKS=@OLD_FOREIGN_KEY_CHECKS;
SET UNIQUE_CHECKS=@OLD_UNIQUE_CHECKS;

-- -----------------------------------------------------
-- Data for table `iEnroll`.`users`
-- -----------------------------------------------------
START TRANSACTION;
USE `iEnroll`;
INSERT INTO `iEnroll`.`users` (`username`, `password`, `first_name`, `last_name`, `middle_name`, `department`, `email`) VALUES ('admin', 'nimda', 'Fr. Jessie', 'Hechanova', 'Mendoza', 'Administration', NULL);
INSERT INTO `iEnroll`.`users` (`username`, `password`, `first_name`, `last_name`, `middle_name`, `department`, `email`) VALUES ('yumi', 'imuy', 'Yumi', 'Takuma', 'De Guzman', 'Registrar', 'yumitakuma@gmail.com');

COMMIT;


-- -----------------------------------------------------
-- Data for table `iEnroll`.`students`
-- -----------------------------------------------------
START TRANSACTION;
USE `iEnroll`;
INSERT INTO `iEnroll`.`students` (`student_id`, `password`, `last_name`, `first_name`, `middle_name`, `gender`, `course`, `email`) VALUES (2140000, '0000412', 'Santos', 'Karla Mae', 'Opena', 'F', 'BSBA Finman', 'karlamae@gmail.com');
INSERT INTO `iEnroll`.`students` (`student_id`, `password`, `last_name`, `first_name`, `middle_name`, `gender`, `course`, `email`) VALUES (2140001, '1000412', 'De Vera', 'Sheila Marie', 'Baro', 'F', 'BSME', 'sheilamariedevera@gmail.com');
INSERT INTO `iEnroll`.`students` (`student_id`, `password`, `last_name`, `first_name`, `middle_name`, `gender`, `course`, `email`) VALUES (2140002, '2000412', 'Banal', 'Rynnel Joseph', 'Quinto', 'M', 'BEED SPED', 'banalbanalbanal@yahoo.com');
INSERT INTO `iEnroll`.`students` (`student_id`, `password`, `last_name`, `first_name`, `middle_name`, `gender`, `course`, `email`) VALUES (2140003, '3000412', 'Bareng', 'Angelice May', 'Farah', 'F', 'BA LS', 'angelicemay2523@ymail.com');
INSERT INTO `iEnroll`.`students` (`student_id`, `password`, `last_name`, `first_name`, `middle_name`, `gender`, `course`, `email`) VALUES (2140004, '4000412', 'Sabado', 'April Carel Joy', 'Cativo', 'F', 'BSRT', 'aprilcareljoy@gmail.com');
INSERT INTO `iEnroll`.`students` (`student_id`, `password`, `last_name`, `first_name`, `middle_name`, `gender`, `course`, `email`) VALUES (2140005, '5000412', 'Hiragi', 'Kei', 'Ramos', 'M', 'BSIT', 'kamisama@gmail.com');
INSERT INTO `iEnroll`.`students` (`student_id`, `password`, `last_name`, `first_name`, `middle_name`, `gender`, `course`, `email`) VALUES (2140006, '6000412', 'Bautista', 'Marc Michael', 'Santibanez', 'M', 'BSIT', 'marmichael@yahoo.com');
INSERT INTO `iEnroll`.`students` (`student_id`, `password`, `last_name`, `first_name`, `middle_name`, `gender`, `course`, `email`) VALUES (2140007, '7000412', 'De Guzman', 'John Mark', 'Torralba', 'M', 'BSME', 'jmtorralbadg@gmail.com');
INSERT INTO `iEnroll`.`students` (`student_id`, `password`, `last_name`, `first_name`, `middle_name`, `gender`, `course`, `email`) VALUES (2140008, '8000412', 'Catalan', 'Shane Joy', 'Oco', 'F', 'BSBA Mktg', 'shanejoy123@gmail.com');
INSERT INTO `iEnroll`.`students` (`student_id`, `password`, `last_name`, `first_name`, `middle_name`, `gender`, `course`, `email`) VALUES (2140009, '9000412', 'Iba', 'Jasper', 'Marasigan', 'M', 'BSEE', 'jasperiba@gmail.com');
INSERT INTO `iEnroll`.`students` (`student_id`, `password`, `last_name`, `first_name`, `middle_name`, `gender`, `course`, `email`) VALUES (2140010, '0100412', 'Manaig', 'Alaine Francis', 'Buyagan', 'M', 'BSEE', 'alainefrancismanaig@gmail.com');
INSERT INTO `iEnroll`.`students` (`student_id`, `password`, `last_name`, `first_name`, `middle_name`, `gender`, `course`, `email`) VALUES (2140011, '1100412', 'Burayag', 'Abigail', 'Flores', 'F', 'BSMecE', 'abby_burayag@yahoo.com');
INSERT INTO `iEnroll`.`students` (`student_id`, `password`, `last_name`, `first_name`, `middle_name`, `gender`, `course`, `email`) VALUES (2140012, '2100412', 'Cendana', 'Marlazita', 'Tandoc', 'F', 'BA COM', 'marlazitacendana@gmail.com');
INSERT INTO `iEnroll`.`students` (`student_id`, `password`, `last_name`, `first_name`, `middle_name`, `gender`, `course`, `email`) VALUES (2140013, '3100412', 'Abrogar', 'Gail Carmelita', 'Criselli', 'F', 'BSHTM TTM', 'gailcarmelitaabrogar@yahoo.com');
INSERT INTO `iEnroll`.`students` (`student_id`, `password`, `last_name`, `first_name`, `middle_name`, `gender`, `course`, `email`) VALUES (2140014, '4100412', 'Mangaliag', 'Jewel Arnielyn', 'Tayab', 'F', 'BS PSYCH', 'jeweldiamondsan@yahoo.com');
INSERT INTO `iEnroll`.`students` (`student_id`, `password`, `last_name`, `first_name`, `middle_name`, `gender`, `course`, `email`) VALUES (2140015, '5100412', 'Benbinen', 'Jan Julius Jake', 'Parez', 'M', 'BSCE', 'cliffmarkraybenbinen@gmail.com');

COMMIT;


-- -----------------------------------------------------
-- Data for table `iEnroll`.`schools`
-- -----------------------------------------------------
START TRANSACTION;
USE `iEnroll`;
INSERT INTO `iEnroll`.`schools` (`school_code`, `description`) VALUES ('SABM', 'School of Accountancy and Business Management');
INSERT INTO `iEnroll`.`schools` (`school_code`, `description`) VALUES ('SCIS', 'School of Computing and Information Sciences');
INSERT INTO `iEnroll`.`schools` (`school_code`, `description`) VALUES ('SEA', 'School of Engineering and Architecture');
INSERT INTO `iEnroll`.`schools` (`school_code`, `description`) VALUES ('SNS', 'School of Natural Sciences');
INSERT INTO `iEnroll`.`schools` (`school_code`, `description`) VALUES ('SOH', 'School of Humanities');
INSERT INTO `iEnroll`.`schools` (`school_code`, `description`) VALUES ('SOL', 'School of Law');
INSERT INTO `iEnroll`.`schools` (`school_code`, `description`) VALUES ('SOM', 'School of Medicine');
INSERT INTO `iEnroll`.`schools` (`school_code`, `description`) VALUES ('SON', 'School of Nursing');
INSERT INTO `iEnroll`.`schools` (`school_code`, `description`) VALUES ('STE', 'School of Teacher Education');

COMMIT;


-- -----------------------------------------------------
-- Data for table `iEnroll`.`courses`
-- -----------------------------------------------------
START TRANSACTION;
USE `iEnroll`;
INSERT INTO `iEnroll`.`courses` (`course`, `description`, `school`, `type`) VALUES ('BSAc', 'Bachelor of Science in Accountancy', 'SABM', 'Undergraduate');
INSERT INTO `iEnroll`.`courses` (`course`, `description`, `school`, `type`) VALUES ('BSBA Bus Econ', 'Bachelor of Science in Business Administration-Business Economics', 'SABM', 'Undergraduate');
INSERT INTO `iEnroll`.`courses` (`course`, `description`, `school`, `type`) VALUES ('BSBA Finman', 'Bachelor of Science in Business Administration-Financial Management', 'SABM', 'Undergraduate');
INSERT INTO `iEnroll`.`courses` (`course`, `description`, `school`, `type`) VALUES ('BSBA HRDM', 'Bachelor of Science in Business Administration-Human Resource Development Management', 'SABM', 'Undergraduate');
INSERT INTO `iEnroll`.`courses` (`course`, `description`, `school`, `type`) VALUES ('BSBA Mktg', 'Bachelor of Science in Business Administration-Marketing', 'SABM', 'Undergraduate');
INSERT INTO `iEnroll`.`courses` (`course`, `description`, `school`, `type`) VALUES ('BS Entrep', 'Bachelor of Science in Entrepreneurship', 'SABM', 'Undergraduate');
INSERT INTO `iEnroll`.`courses` (`course`, `description`, `school`, `type`) VALUES ('BSHTM ', 'Bachelor of Science in Hospitality And Tourism Management-Hotel, Resort And Restaurant Management', 'SABM', 'Undergraduate');
INSERT INTO `iEnroll`.`courses` (`course`, `description`, `school`, `type`) VALUES ('BSHTM TTM', 'Bachelor of Science in Hospitality And Tourism Management-Travel And Tours Management', 'SABM', 'Undergraduate');
INSERT INTO `iEnroll`.`courses` (`course`, `description`, `school`, `type`) VALUES ('BSMA', 'Bachelor of Science in Management Accounting', 'SABM', 'Undergraduate');
INSERT INTO `iEnroll`.`courses` (`course`, `description`, `school`, `type`) VALUES ('AAT', 'Associate in Accounting Technology', 'SABM', 'Undergraduate');
INSERT INTO `iEnroll`.`courses` (`course`, `description`, `school`, `type`) VALUES ('PHD MGMT', 'Doctor of Philosophy in Management', 'SABM', 'Graduate');
INSERT INTO `iEnroll`.`courses` (`course`, `description`, `school`, `type`) VALUES ('MBA', 'Master of Business Administration', 'SABM', 'Graduate');
INSERT INTO `iEnroll`.`courses` (`course`, `description`, `school`, `type`) VALUES ('MSAc', 'Master of Science in Accountancy', 'SABM', 'Graduate');
INSERT INTO `iEnroll`.`courses` (`course`, `description`, `school`, `type`) VALUES ('MSBA', 'Master of Science in Business Administration', 'SABM', 'Graduate');
INSERT INTO `iEnroll`.`courses` (`course`, `description`, `school`, `type`) VALUES ('MSPM', 'Master of Science in Public Management', 'SABM', 'Graduate');
INSERT INTO `iEnroll`.`courses` (`course`, `description`, `school`, `type`) VALUES ('BLIS', 'Bachelor of Library and Information Science', 'SCIS', 'Undergraduate');
INSERT INTO `iEnroll`.`courses` (`course`, `description`, `school`, `type`) VALUES ('BSCS', 'Bachelor of Science in Computer Science', 'SCIS', 'Undergraduate');
INSERT INTO `iEnroll`.`courses` (`course`, `description`, `school`, `type`) VALUES ('BSIS', 'Bachelor of Science in Information Science', 'SCIS', 'Undergraduate');
INSERT INTO `iEnroll`.`courses` (`course`, `description`, `school`, `type`) VALUES ('BSIT', 'Bachelor of Science in Information Technology', 'SCIS', 'Undergraduate');
INSERT INTO `iEnroll`.`courses` (`course`, `description`, `school`, `type`) VALUES ('BS MATH', 'Bachelor of Science in Mathematics', 'SCIS', 'Undergraduate');
INSERT INTO `iEnroll`.`courses` (`course`, `description`, `school`, `type`) VALUES ('MIT', 'Master in Information Technology', 'SCIS', 'Graduate');
INSERT INTO `iEnroll`.`courses` (`course`, `description`, `school`, `type`) VALUES ('MS SME', 'Master of Science in Service Management Engineering', 'SCIS', 'Graduate');
INSERT INTO `iEnroll`.`courses` (`course`, `description`, `school`, `type`) VALUES ('BS ARCH', 'Bachelor of Science in Architecture', 'SEA', 'Undergraduate');
INSERT INTO `iEnroll`.`courses` (`course`, `description`, `school`, `type`) VALUES ('BSCHE', 'Bachelor of Science in Chemical Engineering', 'SEA', 'Undergraduate');
INSERT INTO `iEnroll`.`courses` (`course`, `description`, `school`, `type`) VALUES ('BSCE', 'Bachelor of Science in Civil Engineering', 'SEA', 'Undergraduate');
INSERT INTO `iEnroll`.`courses` (`course`, `description`, `school`, `type`) VALUES ('BSEE', 'Bachelor of Science in Electrical Engineering', 'SEA', 'Undergraduate');
INSERT INTO `iEnroll`.`courses` (`course`, `description`, `school`, `type`) VALUES ('BSECE', 'Bachelor of Science in Electronics Engineering', 'SEA', 'Undergraduate');
INSERT INTO `iEnroll`.`courses` (`course`, `description`, `school`, `type`) VALUES ('BSGE', 'Bachelor of Science in Geodetic Engineering', 'SEA', 'Undergraduate');
INSERT INTO `iEnroll`.`courses` (`course`, `description`, `school`, `type`) VALUES ('BSIE', 'Bachelor of Science in Industrial Engineering', 'SEA', 'Undergraduate');
INSERT INTO `iEnroll`.`courses` (`course`, `description`, `school`, `type`) VALUES ('BSME', 'Bachelor of Science in Mechanical Engineering', 'SEA', 'Undergraduate');
INSERT INTO `iEnroll`.`courses` (`course`, `description`, `school`, `type`) VALUES ('BSMecE', 'Bachelor of Science in Mechatronics Engineering', 'SEA', 'Undergraduate');
INSERT INTO `iEnroll`.`courses` (`course`, `description`, `school`, `type`) VALUES ('BSEM', 'Bachelor of Science in Mining Engineering', 'SEA', 'Undergraduate');
INSERT INTO `iEnroll`.`courses` (`course`, `description`, `school`, `type`) VALUES ('D Eng Env E', 'Doctor of Engineering in Environmental Sciences and Engineering - Research Track', 'SEA', 'Graduate');
INSERT INTO `iEnroll`.`courses` (`course`, `description`, `school`, `type`) VALUES ('D Eng Info', 'Doctor of Engineering in Informatics - Research Track', 'SEA', 'Graduate');
INSERT INTO `iEnroll`.`courses` (`course`, `description`, `school`, `type`) VALUES ('D Eng Ur Pl', 'Doctor of Engineering in Urban Planning - Research Track', 'SEA', 'Graduate');
INSERT INTO `iEnroll`.`courses` (`course`, `description`, `school`, `type`) VALUES ('MA EHP', 'Master of Arts in Environmental and Habitat Planning', 'SEA', 'Graduate');
INSERT INTO `iEnroll`.`courses` (`course`, `description`, `school`, `type`) VALUES ('MEP ChE', 'Master of Engineering Program major in Chemical Engineering', 'SEA', 'Graduate');
INSERT INTO `iEnroll`.`courses` (`course`, `description`, `school`, `type`) VALUES ('MEP EE', 'Master of Engineering Program major in Electrical Engineering', 'SEA', 'Graduate');
INSERT INTO `iEnroll`.`courses` (`course`, `description`, `school`, `type`) VALUES ('MEP ECE', 'Master of Engineering Program major in Electronics Engineering', 'SEA', 'Graduate');
INSERT INTO `iEnroll`.`courses` (`course`, `description`, `school`, `type`) VALUES ('MEP IE', 'Master of Engineering Program major in Industrial Engineering', 'SEA', 'Graduate');
INSERT INTO `iEnroll`.`courses` (`course`, `description`, `school`, `type`) VALUES ('MEP ME', 'Master of Engineering Program major in Mechanical Engineering', 'SEA', 'Graduate');
INSERT INTO `iEnroll`.`courses` (`course`, `description`, `school`, `type`) VALUES ('MS EN E', 'Master of Science in Environmental Engineering', 'SEA', 'Graduate');
INSERT INTO `iEnroll`.`courses` (`course`, `description`, `school`, `type`) VALUES ('MSME', 'Master of Science in Management Engineering', 'SEA', 'Graduate');
INSERT INTO `iEnroll`.`courses` (`course`, `description`, `school`, `type`) VALUES ('MS MtE', 'Master of Science in Mountain Engineering', 'SEA', 'Graduate');
INSERT INTO `iEnroll`.`courses` (`course`, `description`, `school`, `type`) VALUES ('BS BIOL', 'Bachelor of Science in Biology', 'SNS', 'Undergraduate');
INSERT INTO `iEnroll`.`courses` (`course`, `description`, `school`, `type`) VALUES ('BMLS', 'Bachelor in Medical Laboratory Science', 'SNS', 'Undergraduate');
INSERT INTO `iEnroll`.`courses` (`course`, `description`, `school`, `type`) VALUES ('BS PHARM', 'Bachelor of Science in Pharmacy', 'SNS', 'Undergraduate');
INSERT INTO `iEnroll`.`courses` (`course`, `description`, `school`, `type`) VALUES ('BSRT', 'Bachelor of Science in Radiologic Tech', 'SNS', 'Undergraduate');
INSERT INTO `iEnroll`.`courses` (`course`, `description`, `school`, `type`) VALUES ('PHD BIOL', 'Doctor of Philosophy in Biology', 'SNS', 'Graduate');
INSERT INTO `iEnroll`.`courses` (`course`, `description`, `school`, `type`) VALUES ('MBS', 'Master in Biological Sciences', 'SNS', 'Graduate');
INSERT INTO `iEnroll`.`courses` (`course`, `description`, `school`, `type`) VALUES ('MES', 'Master in Environmental Sciences', 'SNS', 'Graduate');
INSERT INTO `iEnroll`.`courses` (`course`, `description`, `school`, `type`) VALUES ('MPH', 'Master in Public Health', 'SNS', 'Graduate');
INSERT INTO `iEnroll`.`courses` (`course`, `description`, `school`, `type`) VALUES ('MS P BIOL', 'Master of Science in Biology major in Plant Biology', 'SNS', 'Graduate');
INSERT INTO `iEnroll`.`courses` (`course`, `description`, `school`, `type`) VALUES ('MS M BIOL', 'Master of Science in Biology major in Microbioal Biology', 'SNS', 'Graduate');
INSERT INTO `iEnroll`.`courses` (`course`, `description`, `school`, `type`) VALUES ('MS A BIOL', 'Master of Science in Biology major in Animal Biology', 'SNS', 'Graduate');
INSERT INTO `iEnroll`.`courses` (`course`, `description`, `school`, `type`) VALUES ('MS ECB', 'Master of Science in Environmental And Conservation Biology', 'SNS', 'Graduate');
INSERT INTO `iEnroll`.`courses` (`course`, `description`, `school`, `type`) VALUES ('MSMT', 'Master of Science in Medical Technology', 'SNS', 'Graduate');
INSERT INTO `iEnroll`.`courses` (`course`, `description`, `school`, `type`) VALUES ('MS PHARM', 'Master of Science in Pharmacy', 'SNS', 'Graduate');
INSERT INTO `iEnroll`.`courses` (`course`, `description`, `school`, `type`) VALUES ('BA COM', 'Bachelor of Arts in Communication', 'SOH', 'Undergraduate');
INSERT INTO `iEnroll`.`courses` (`course`, `description`, `school`, `type`) VALUES ('BA LS', 'Bachelor of Arts in Legal Studies', 'SOH', 'Undergraduate');
INSERT INTO `iEnroll`.`courses` (`course`, `description`, `school`, `type`) VALUES ('BA PIS', 'Bachelor of Arts in Philosophy and Interdisciplinary Studies', 'SOH', 'Undergraduate');
INSERT INTO `iEnroll`.`courses` (`course`, `description`, `school`, `type`) VALUES ('BA ENGL', 'Bachelor of Arts in English', 'SOH', 'Undergraduate');
INSERT INTO `iEnroll`.`courses` (`course`, `description`, `school`, `type`) VALUES ('BA POLIT SC', 'Bachelor of Arts in Political Science', 'SOH', 'Undergraduate');
INSERT INTO `iEnroll`.`courses` (`course`, `description`, `school`, `type`) VALUES ('BARVS', 'Bachelor of Arts in Religious and Values Studies', 'SOH', 'Undergraduate');
INSERT INTO `iEnroll`.`courses` (`course`, `description`, `school`, `type`) VALUES ('BS PSYCH', 'Bachelor of Science in Psychology', 'SOH', 'Undergraduate');
INSERT INTO `iEnroll`.`courses` (`course`, `description`, `school`, `type`) VALUES ('BS S WK', 'Bachelor of Science in Social Work', 'SOH', 'Undergraduate');
INSERT INTO `iEnroll`.`courses` (`course`, `description`, `school`, `type`) VALUES ('MA PHILOS', 'Master of Arts in Philosophy', 'SOH', 'Graduate');
INSERT INTO `iEnroll`.`courses` (`course`, `description`, `school`, `type`) VALUES ('MA RELG STDS', 'Master of Arts in Religious Studies', 'SOH', 'Graduate');
INSERT INTO `iEnroll`.`courses` (`course`, `description`, `school`, `type`) VALUES ('MS GC', 'Master of Science in Guidance and Counseling', 'SOH', 'Graduate');
INSERT INTO `iEnroll`.`courses` (`course`, `description`, `school`, `type`) VALUES ('MS PSYCH', 'Master of Science in Psychology', 'SOH', 'Graduate');
INSERT INTO `iEnroll`.`courses` (`course`, `description`, `school`, `type`) VALUES ('LLB', 'Bachelor of Law', 'SOL', 'Graduate');
INSERT INTO `iEnroll`.`courses` (`course`, `description`, `school`, `type`) VALUES ('MD', 'Doctor of Medicine', 'SOM', 'Graduate');
INSERT INTO `iEnroll`.`courses` (`course`, `description`, `school`, `type`) VALUES ('BSN', 'Bachelor of Science in Nursing', 'SON', 'Undergraduate');
INSERT INTO `iEnroll`.`courses` (`course`, `description`, `school`, `type`) VALUES ('BEED GEN ED', 'Bachelor of Elementary Educ with specialization in General Education', 'STE', 'Undergraduate');
INSERT INTO `iEnroll`.`courses` (`course`, `description`, `school`, `type`) VALUES ('BEED PRE SCHL', 'Bachelor of Elementary Educ with specialization in Pre-School Education', 'STE', 'Undergraduate');
INSERT INTO `iEnroll`.`courses` (`course`, `description`, `school`, `type`) VALUES ('BEED SPED', 'Bachelor of Elementary Educ with specialization in Special Education', 'STE', 'Undergraduate');
INSERT INTO `iEnroll`.`courses` (`course`, `description`, `school`, `type`) VALUES ('BEED THE', 'Bachelor of Elementary Educ major in Tech & He', 'STE', 'Undergraduate');
INSERT INTO `iEnroll`.`courses` (`course`, `description`, `school`, `type`) VALUES ('BEED VAL', 'Bachelor of Elementary Educ major in Values Educ', 'STE', 'Undergraduate');
INSERT INTO `iEnroll`.`courses` (`course`, `description`, `school`, `type`) VALUES ('BSED BIOL SCI', 'Bachelor of Secondary Educ major in Biological Sciences', 'STE', 'Undergraduate');
INSERT INTO `iEnroll`.`courses` (`course`, `description`, `school`, `type`) VALUES ('BSED ENGL', 'Bachelor of Secondary Educ major in English', 'STE', 'Undergraduate');
INSERT INTO `iEnroll`.`courses` (`course`, `description`, `school`, `type`) VALUES ('BSED FIL', 'Bachelor of Secondary Educ major in Filipino', 'STE', 'Undergraduate');
INSERT INTO `iEnroll`.`courses` (`course`, `description`, `school`, `type`) VALUES ('BSED MAT', 'Bachelor of Secondary Educ major in Mathematics', 'STE', 'Undergraduate');
INSERT INTO `iEnroll`.`courses` (`course`, `description`, `school`, `type`) VALUES ('BSED MAPEH', 'Bachelor of Secondary Educ major in Music, Arts, Physical Education and Health', 'STE', 'Undergraduate');
INSERT INTO `iEnroll`.`courses` (`course`, `description`, `school`, `type`) VALUES ('BSED PHYS SCI', 'Bachelor of Secondary Educ major in Physical Sciences', 'STE', 'Undergraduate');
INSERT INTO `iEnroll`.`courses` (`course`, `description`, `school`, `type`) VALUES ('BSED SS', 'Bachelor of Secondary Educ major in Social Studies', 'STE', 'Undergraduate');
INSERT INTO `iEnroll`.`courses` (`course`, `description`, `school`, `type`) VALUES ('PHD EM', 'Doctor of Philosophy in Educational Management', 'STE', 'Graduate');
INSERT INTO `iEnroll`.`courses` (`course`, `description`, `school`, `type`) VALUES ('PHD LANG ED', 'Doctor of Philosophy in Language Education', 'STE', 'Graduate');
INSERT INTO `iEnroll`.`courses` (`course`, `description`, `school`, `type`) VALUES ('MAED ECED', 'Master of Arts in Education major in Early Childhood Education', 'STE', 'Graduate');
INSERT INTO `iEnroll`.`courses` (`course`, `description`, `school`, `type`) VALUES ('MAED FIL ED', 'Master of Arts in Education major in Filipino Education', 'STE', 'Graduate');
INSERT INTO `iEnroll`.`courses` (`course`, `description`, `school`, `type`) VALUES ('MAED IE', 'Master of Arts in Education major in Inclusive Education', 'STE', 'Graduate');
INSERT INTO `iEnroll`.`courses` (`course`, `description`, `school`, `type`) VALUES ('MAED LANG', 'Master of Arts in Education major in Language Education', 'STE', 'Graduate');
INSERT INTO `iEnroll`.`courses` (`course`, `description`, `school`, `type`) VALUES ('MAMED', 'Master of Arts in Education major in Mathematics Education', 'STE', 'Graduate');
INSERT INTO `iEnroll`.`courses` (`course`, `description`, `school`, `type`) VALUES ('MAED SCI', 'Master of Arts in Education major in Science Education', 'STE', 'Graduate');
INSERT INTO `iEnroll`.`courses` (`course`, `description`, `school`, `type`) VALUES ('MA EM', 'Master of Arts in Educational Management', 'STE', 'Graduate');
INSERT INTO `iEnroll`.`courses` (`course`, `description`, `school`, `type`) VALUES ('MA SPED', 'Master of Arts in Special Education', 'STE', 'Graduate');
INSERT INTO `iEnroll`.`courses` (`course`, `description`, `school`, `type`) VALUES ('MSPES', 'Master of Science in Physical Education And Sports', 'STE', 'Graduate');
INSERT INTO `iEnroll`.`courses` (`course`, `description`, `school`, `type`) VALUES ('MALIT', 'Master in Library and Information Technology', 'STE', 'Graduate');

COMMIT;


-- -----------------------------------------------------
-- Data for table `iEnroll`.`subjects`
-- -----------------------------------------------------
START TRANSACTION;
USE `iEnroll`;
INSERT INTO `iEnroll`.`subjects` (`subject_code`, `description`, `unit`, `price`, `slots`) VALUES ('ENGL 1', 'COMMUNICATION ARTS I', 3, 450, 50);
INSERT INTO `iEnroll`.`subjects` (`subject_code`, `description`, `unit`, `price`, `slots`) VALUES ('FIL 1', 'KOMUNIKASYON SA AKADEMIKONG FILIPINO', 3, 450, 50);
INSERT INTO `iEnroll`.`subjects` (`subject_code`, `description`, `unit`, `price`, `slots`) VALUES ('HIST 1', 'PHILIPPINE HISTORY', 3, 450, 50);
INSERT INTO `iEnroll`.`subjects` (`subject_code`, `description`, `unit`, `price`, `slots`) VALUES ('IT 111', 'INFORMATION TECHNOLOGY FUNDAMENTALS I', 2, 500, 50);
INSERT INTO `iEnroll`.`subjects` (`subject_code`, `description`, `unit`, `price`, `slots`) VALUES ('IT 111L', 'INFORMATION TECHNOLOGY FUNDAMENTALS I', 1, 5000, 50);
INSERT INTO `iEnroll`.`subjects` (`subject_code`, `description`, `unit`, `price`, `slots`) VALUES ('IT 112', 'PROGRAMMING FUNDAMENTALS I', 2, 500, 50);
INSERT INTO `iEnroll`.`subjects` (`subject_code`, `description`, `unit`, `price`, `slots`) VALUES ('IT 112L', 'PROGRAMMING FUNDAMENTALS I', 1, 5000, 50);
INSERT INTO `iEnroll`.`subjects` (`subject_code`, `description`, `unit`, `price`, `slots`) VALUES ('MATH 1A', 'COLLEGE ALGEBRA', 3, 450, 50);
INSERT INTO `iEnroll`.`subjects` (`subject_code`, `description`, `unit`, `price`, `slots`) VALUES ('MATH 2A', 'PLANE AND SPHERICAL TRIGONOMETRY', 3, 450, 50);
INSERT INTO `iEnroll`.`subjects` (`subject_code`, `description`, `unit`, `price`, `slots`) VALUES ('P E 1', 'PHYSICAL FITNESS', 2, 375, 50);
INSERT INTO `iEnroll`.`subjects` (`subject_code`, `description`, `unit`, `price`, `slots`) VALUES ('THEO 1', 'I BELIEVE', 3, 450, 50);
INSERT INTO `iEnroll`.`subjects` (`subject_code`, `description`, `unit`, `price`, `slots`) VALUES ('CHEM 1A', 'GENERAL AND INORGANIC CHEMISTRY I', 3, 450, 50);
INSERT INTO `iEnroll`.`subjects` (`subject_code`, `description`, `unit`, `price`, `slots`) VALUES ('CHEM 1AL', 'GENERAL AND INORGANIC CHEMISTRY I', 1, 500, 50);
INSERT INTO `iEnroll`.`subjects` (`subject_code`, `description`, `unit`, `price`, `slots`) VALUES ('ENGL 2', 'COMMUNICATION ARTS II', 3, 450, 50);
INSERT INTO `iEnroll`.`subjects` (`subject_code`, `description`, `unit`, `price`, `slots`) VALUES ('FIL 2', 'PAGBASA AT PAGSULAT TUNGO SA PANANALIKSIK', 3, 450, 50);
INSERT INTO `iEnroll`.`subjects` (`subject_code`, `description`, `unit`, `price`, `slots`) VALUES ('IT 121', 'INFORMATION TECHNOLOGY FUNDAMENTALS II', 2, 500, 50);
INSERT INTO `iEnroll`.`subjects` (`subject_code`, `description`, `unit`, `price`, `slots`) VALUES ('IT 121L', 'INFORMATION TECHNOLOGY FUNDAMENTALS II', 1, 5000, 50);
INSERT INTO `iEnroll`.`subjects` (`subject_code`, `description`, `unit`, `price`, `slots`) VALUES ('IT 122', 'PROGRAMMING FUNDAMENTALS II', 2, 500, 50);
INSERT INTO `iEnroll`.`subjects` (`subject_code`, `description`, `unit`, `price`, `slots`) VALUES ('IT 122L', 'PROGRAMMING FUNDAMENTALS II', 1, 5000, 50);
INSERT INTO `iEnroll`.`subjects` (`subject_code`, `description`, `unit`, `price`, `slots`) VALUES ('MATH 3B', 'ANALYTIC GEOMETRY', 4, 600, 50);
INSERT INTO `iEnroll`.`subjects` (`subject_code`, `description`, `unit`, `price`, `slots`) VALUES ('P E 2', 'RYTHMIC ACTIVITIES', 2, 375, 50);
INSERT INTO `iEnroll`.`subjects` (`subject_code`, `description`, `unit`, `price`, `slots`) VALUES ('PHILOS 1', 'LOGIC', 3, 450, 50);
INSERT INTO `iEnroll`.`subjects` (`subject_code`, `description`, `unit`, `price`, `slots`) VALUES ('THEO 2', 'BELIEVING UNTO DISCIPLESHIP', 3, 450, 50);
INSERT INTO `iEnroll`.`subjects` (`subject_code`, `description`, `unit`, `price`, `slots`) VALUES ('IT 131', 'COMPUTER ARCHITECTURE', 2, 500, 50);
INSERT INTO `iEnroll`.`subjects` (`subject_code`, `description`, `unit`, `price`, `slots`) VALUES ('IT 131L', 'COMPUTER ARCHITECTURE', 1, 5000, 50);
INSERT INTO `iEnroll`.`subjects` (`subject_code`, `description`, `unit`, `price`, `slots`) VALUES ('IT 132', 'INFORMATION SYSTEM FUNDAMENTALS', 3, 675, 50);
INSERT INTO `iEnroll`.`subjects` (`subject_code`, `description`, `unit`, `price`, `slots`) VALUES ('NSTP-CWTS 1', 'FOUNDATIONS OF SERVICE', 3, 300, 100);
INSERT INTO `iEnroll`.`subjects` (`subject_code`, `description`, `unit`, `price`, `slots`) VALUES ('ENGL 4A', 'EFFECTIVE COMMUNICATION WITH PHONETICS', 3, 450, 50);
INSERT INTO `iEnroll`.`subjects` (`subject_code`, `description`, `unit`, `price`, `slots`) VALUES ('HIST 2', 'LIFE AND WORKS OF DR JOSE RIZAL', 3, 450, 50);
INSERT INTO `iEnroll`.`subjects` (`subject_code`, `description`, `unit`, `price`, `slots`) VALUES ('IT 211', 'DATA STRUCTURES WITH ALGORITHM DEVELOPMENT', 2, 500, 50);
INSERT INTO `iEnroll`.`subjects` (`subject_code`, `description`, `unit`, `price`, `slots`) VALUES ('IT 211L', 'DATA STRUCTURES WITH ALGORITHM DEVELOPMENT', 1, 5000, 50);
INSERT INTO `iEnroll`.`subjects` (`subject_code`, `description`, `unit`, `price`, `slots`) VALUES ('MATH 4', 'MATHEMATICAL ANALYSIS FOR BUSINESS', 3, 450, 50);
INSERT INTO `iEnroll`.`subjects` (`subject_code`, `description`, `unit`, `price`, `slots`) VALUES ('P E 3', 'INDIVIDUAL/DUAL SPORTS/GAMES', 2, 375, 50);
INSERT INTO `iEnroll`.`subjects` (`subject_code`, `description`, `unit`, `price`, `slots`) VALUES ('PHILOS 2', 'ETHICS', 3, 450, 50);
INSERT INTO `iEnroll`.`subjects` (`subject_code`, `description`, `unit`, `price`, `slots`) VALUES ('SOCIO 1', 'SOCIETY AND CULTURE WITH FAMILY PLANNING', 3, 450, 50);
INSERT INTO `iEnroll`.`subjects` (`subject_code`, `description`, `unit`, `price`, `slots`) VALUES ('THEO 3', 'DISCIPLESHIP IN COMMUNITY', 3, 450, 50);
INSERT INTO `iEnroll`.`subjects` (`subject_code`, `description`, `unit`, `price`, `slots`) VALUES ('ECON 1', 'BASIC ECONOMICS WITH TAXATION AND AGRARIAN REFORM', 3, 450, 50);
INSERT INTO `iEnroll`.`subjects` (`subject_code`, `description`, `unit`, `price`, `slots`) VALUES ('ENGL 7', 'TECHNICAL WRITING', 3, 450, 50);
INSERT INTO `iEnroll`.`subjects` (`subject_code`, `description`, `unit`, `price`, `slots`) VALUES ('IT 222', 'OPERATING SYSTEMS', 2, 500, 50);
INSERT INTO `iEnroll`.`subjects` (`subject_code`, `description`, `unit`, `price`, `slots`) VALUES ('IT 222L', 'OPERATING SYSTEMS', 1, 5000, 50);
INSERT INTO `iEnroll`.`subjects` (`subject_code`, `description`, `unit`, `price`, `slots`) VALUES ('P E 4', 'TEAM SPORTS/GAMES', 2, 375, 50);
INSERT INTO `iEnroll`.`subjects` (`subject_code`, `description`, `unit`, `price`, `slots`) VALUES ('PHYS 1A', 'COLLEGE PHYSICS 1', 3, 450, 50);
INSERT INTO `iEnroll`.`subjects` (`subject_code`, `description`, `unit`, `price`, `slots`) VALUES ('PHYS 1AL', 'COLLEGE PHYSICS 1', 1, 675, 50);
INSERT INTO `iEnroll`.`subjects` (`subject_code`, `description`, `unit`, `price`, `slots`) VALUES ('PSYCHO 1', 'GENERAL PSYCHOLOGY WITH DRUG PREVENTION', 3, 450, 50);
INSERT INTO `iEnroll`.`subjects` (`subject_code`, `description`, `unit`, `price`, `slots`) VALUES ('THEO 4', 'LIVING LIKE JESUS', 3, 450, 50);
INSERT INTO `iEnroll`.`subjects` (`subject_code`, `description`, `unit`, `price`, `slots`) VALUES ('IT 221', 'DISCRETE MATHEMATICS', 3, 450, 50);
INSERT INTO `iEnroll`.`subjects` (`subject_code`, `description`, `unit`, `price`, `slots`) VALUES ('NSTP-CWTS 2', 'SOCIAL AWARENESS AND EMPOWERMENT FOR SERVICE', 3, 300, 100);
INSERT INTO `iEnroll`.`subjects` (`subject_code`, `description`, `unit`, `price`, `slots`) VALUES ('POLIT SC 1', 'POLITICS & GOVERNANCE W/ PHILIPPINE CONSTITUTION', 3, 450, 50);
INSERT INTO `iEnroll`.`subjects` (`subject_code`, `description`, `unit`, `price`, `slots`) VALUES ('IM F02', 'COMMUNICATION OF INFORMATION AND TECHNOLOGY', 3, 675, 50);
INSERT INTO `iEnroll`.`subjects` (`subject_code`, `description`, `unit`, `price`, `slots`) VALUES ('IT 311', 'SOFTWARE MODELING AND ANALYSIS', 3, 675, 50);
INSERT INTO `iEnroll`.`subjects` (`subject_code`, `description`, `unit`, `price`, `slots`) VALUES ('IT 312', 'PROGRAMMING APPLICATIONS', 2, 500, 50);
INSERT INTO `iEnroll`.`subjects` (`subject_code`, `description`, `unit`, `price`, `slots`) VALUES ('IT 312L', 'PROGRAMMING APPLICATIONS', 1, 5000, 50);
INSERT INTO `iEnroll`.`subjects` (`subject_code`, `description`, `unit`, `price`, `slots`) VALUES ('IT 315', 'DATABASE MANAGEMENT SYSTEMS', 2, 500, 50);
INSERT INTO `iEnroll`.`subjects` (`subject_code`, `description`, `unit`, `price`, `slots`) VALUES ('IT 315L', 'DATABASE MANAGEMENT SYSTEMS', 1, 5000, 50);
INSERT INTO `iEnroll`.`subjects` (`subject_code`, `description`, `unit`, `price`, `slots`) VALUES ('IT 317', 'FINANCIAL SYSTEMS', 3, 675, 50);
INSERT INTO `iEnroll`.`subjects` (`subject_code`, `description`, `unit`, `price`, `slots`) VALUES ('IT 321', 'INFORMATION MANAGEMENT CONCEPTS AND FUNDAMENTALS', 3, 675, 50);
INSERT INTO `iEnroll`.`subjects` (`subject_code`, `description`, `unit`, `price`, `slots`) VALUES ('IT 316', 'HUMAN COMPUTER INTERACTION', 3, 675, 50);
INSERT INTO `iEnroll`.`subjects` (`subject_code`, `description`, `unit`, `price`, `slots`) VALUES ('IT 322', 'NETWORKS TECHNOLOGY WITH ADMINISTRATION AND MAINTENANCE', 2, 500, 50);
INSERT INTO `iEnroll`.`subjects` (`subject_code`, `description`, `unit`, `price`, `slots`) VALUES ('IT 322L', 'NETWORKS TECHNOLOGY WITH ADMINISTRATION AND MAINTENANCE', 1, 5000, 50);
INSERT INTO `iEnroll`.`subjects` (`subject_code`, `description`, `unit`, `price`, `slots`) VALUES ('IT 323', 'INTEGRATIVE PROGRAMMING AND TECHNOLOGIES', 2, 500, 50);
INSERT INTO `iEnroll`.`subjects` (`subject_code`, `description`, `unit`, `price`, `slots`) VALUES ('IT 323L', 'INTEGRATIVE PROGRAMMING AND TECHNOLOGIES', 1, 5000, 50);
INSERT INTO `iEnroll`.`subjects` (`subject_code`, `description`, `unit`, `price`, `slots`) VALUES ('IT 324', 'WEB SYSTEMS AND TECHNOLOGIES', 2, 500, 50);
INSERT INTO `iEnroll`.`subjects` (`subject_code`, `description`, `unit`, `price`, `slots`) VALUES ('IT 324L', 'WEB SYSTEMS AND TECHNOLOGIES', 1, 5000, 50);
INSERT INTO `iEnroll`.`subjects` (`subject_code`, `description`, `unit`, `price`, `slots`) VALUES ('IT 412A', 'PRACTICUM 1', 3, 500, 50);
INSERT INTO `iEnroll`.`subjects` (`subject_code`, `description`, `unit`, `price`, `slots`) VALUES ('ITF 001', 'FOREIGN LANGUAGE', 3, 450, 50);
INSERT INTO `iEnroll`.`subjects` (`subject_code`, `description`, `unit`, `price`, `slots`) VALUES ('IT 412B', 'PRACTICUM 2', 3, 500, 50);
INSERT INTO `iEnroll`.`subjects` (`subject_code`, `description`, `unit`, `price`, `slots`) VALUES ('IT 325N', 'SOFTWARE ENGINEERING FUNDAMENTALS', 3, 675, 50);
INSERT INTO `iEnroll`.`subjects` (`subject_code`, `description`, `unit`, `price`, `slots`) VALUES ('IT 411', 'IT PROJECT 1', 3, 500, 50);
INSERT INTO `iEnroll`.`subjects` (`subject_code`, `description`, `unit`, `price`, `slots`) VALUES ('IT 413', 'INFORMATION ASSURANCE AND SECURITY', 3, 675, 50);
INSERT INTO `iEnroll`.`subjects` (`subject_code`, `description`, `unit`, `price`, `slots`) VALUES ('IT 422', 'SOCIAL AND PROFESSIONAL ISSUES IN INFORMATION TECHNOLOGY', 3, 675, 50);
INSERT INTO `iEnroll`.`subjects` (`subject_code`, `description`, `unit`, `price`, `slots`) VALUES ('IT 424', 'FIELD TRIPS AND SEMINARS', 3, 500, 50);
INSERT INTO `iEnroll`.`subjects` (`subject_code`, `description`, `unit`, `price`, `slots`) VALUES ('MATH 7A', 'FUNDAMENTALS OF PROBABILITY AND STATISTICS', 3, 450, 50);
INSERT INTO `iEnroll`.`subjects` (`subject_code`, `description`, `unit`, `price`, `slots`) VALUES ('IT 014', 'INFORMATION TECHNOLOGY CERTIFICATION REVIEW', 3, 675, 50);
INSERT INTO `iEnroll`.`subjects` (`subject_code`, `description`, `unit`, `price`, `slots`) VALUES ('IT 414', 'TECHNOLOGY PRESENTATION AND COMMUNICATION', 3, 675, 50);
INSERT INTO `iEnroll`.`subjects` (`subject_code`, `description`, `unit`, `price`, `slots`) VALUES ('IT 421', 'IT PROJECT 2', 3, 675, 50);
INSERT INTO `iEnroll`.`subjects` (`subject_code`, `description`, `unit`, `price`, `slots`) VALUES ('IT 423', 'INFORMATION SYSTEMS PLANNING / INFORMATION RESOURCE MANAGEMENT', 3, 675, 50);
INSERT INTO `iEnroll`.`subjects` (`subject_code`, `description`, `unit`, `price`, `slots`) VALUES ('CALC 2', 'CALCULUS 2', 3, 675, 50);

COMMIT;


-- -----------------------------------------------------
-- Data for table `iEnroll`.`classes`
-- -----------------------------------------------------
START TRANSACTION;
USE `iEnroll`;
INSERT INTO `iEnroll`.`classes` (`class_code`, `subject_code`, `start_time`, `end_time`, `days`, `room`) VALUES (9400, 'CALC 2', '16:00:00', '17:00:00', 'M T W TH F', 'P607');
INSERT INTO `iEnroll`.`classes` (`class_code`, `subject_code`, `start_time`, `end_time`, `days`, `room`) VALUES (9305, 'CHEM 1A', '08:30:00', '09:30:00', 'T TH S', 'S522');
INSERT INTO `iEnroll`.`classes` (`class_code`, `subject_code`, `start_time`, `end_time`, `days`, `room`) VALUES (9316, 'CHEM 1A', '16:00:00', '17:00:00', 'T TH S', 'S522');
INSERT INTO `iEnroll`.`classes` (`class_code`, `subject_code`, `start_time`, `end_time`, `days`, `room`) VALUES (9306, 'CHEM 1AL', '13:00:00', '16:00:00', 'W', 'A304');
INSERT INTO `iEnroll`.`classes` (`class_code`, `subject_code`, `start_time`, `end_time`, `days`, `room`) VALUES (9317, 'CHEM 1AL', '16:00:00', '19:00:00', 'F', 'A304');
INSERT INTO `iEnroll`.`classes` (`class_code`, `subject_code`, `start_time`, `end_time`, `days`, `room`) VALUES (9380, 'ECON 1', '14:00:00', '15:00:00', 'M W F', 'S521');
INSERT INTO `iEnroll`.`classes` (`class_code`, `subject_code`, `start_time`, `end_time`, `days`, `room`) VALUES (9381, 'ECON 1', '16:00:00', '17:00:00', 'M W F', 'S521');
INSERT INTO `iEnroll`.`classes` (`class_code`, `subject_code`, `start_time`, `end_time`, `days`, `room`) VALUES (9511, 'ENGL 1', '14:00:00', '15:00:00', 'T TH S', 'P605');
INSERT INTO `iEnroll`.`classes` (`class_code`, `subject_code`, `start_time`, `end_time`, `days`, `room`) VALUES (9301, 'ENGL 2', '15:00:00', '16:00:00', 'T TH S', 'P605');
INSERT INTO `iEnroll`.`classes` (`class_code`, `subject_code`, `start_time`, `end_time`, `days`, `room`) VALUES (9312, 'ENGL 2', '14:00:00', '15:00:00', 'M W F', 'P605');
INSERT INTO `iEnroll`.`classes` (`class_code`, `subject_code`, `start_time`, `end_time`, `days`, `room`) VALUES (9355, 'ENGL 7', '11:30:00', '12:30:00', 'T TH S', 'P604');
INSERT INTO `iEnroll`.`classes` (`class_code`, `subject_code`, `start_time`, `end_time`, `days`, `room`) VALUES (9356, 'ENGL 7', '09:30:00', '10:30:00', 'T TH S', 'P604');
INSERT INTO `iEnroll`.`classes` (`class_code`, `subject_code`, `start_time`, `end_time`, `days`, `room`) VALUES (9612, 'FIL 1', '15:00:00', '16:00:00', 'M W F', 'P608');
INSERT INTO `iEnroll`.`classes` (`class_code`, `subject_code`, `start_time`, `end_time`, `days`, `room`) VALUES (9302, 'FIL 2', '17:00:00', '18:00:00', 'M W F', 'P608');
INSERT INTO `iEnroll`.`classes` (`class_code`, `subject_code`, `start_time`, `end_time`, `days`, `room`) VALUES (9313, 'FIL 2', '13:00:00', '14:00:00', 'T TH S', 'P608');
INSERT INTO `iEnroll`.`classes` (`class_code`, `subject_code`, `start_time`, `end_time`, `days`, `room`) VALUES (9353, 'HIST 1', '07:30:00', '08:30:00', 'M W F', 'P609');
INSERT INTO `iEnroll`.`classes` (`class_code`, `subject_code`, `start_time`, `end_time`, `days`, `room`) VALUES (9358, 'HIST 2', '09:30:00', '10:30:00', 'M W F', 'P608');
INSERT INTO `iEnroll`.`classes` (`class_code`, `subject_code`, `start_time`, `end_time`, `days`, `room`) VALUES (9600, 'IT 014', '14:00:00', '15:00:00', 'M W F', 'S426');
INSERT INTO `iEnroll`.`classes` (`class_code`, `subject_code`, `start_time`, `end_time`, `days`, `room`) VALUES (9515, 'IT 111', '15:00:00', '16:00:00', 'T F', 'S522');
INSERT INTO `iEnroll`.`classes` (`class_code`, `subject_code`, `start_time`, `end_time`, `days`, `room`) VALUES (7026, 'NSTP-CWTS 1', '16:00:00', '19:00:00', 'DAILY', 'SC5');
INSERT INTO `iEnroll`.`classes` (`class_code`, `subject_code`, `start_time`, `end_time`, `days`, `room`) VALUES (7027, 'NSTP-CWTS 1', '16:00:00', '19:00:00', 'DAILY', 'SC5');
INSERT INTO `iEnroll`.`classes` (`class_code`, `subject_code`, `start_time`, `end_time`, `days`, `room`) VALUES (7028, 'NSTP-CWTS 1', '16:00:00', '19:00:00', 'DAILY', 'CC1');
INSERT INTO `iEnroll`.`classes` (`class_code`, `subject_code`, `start_time`, `end_time`, `days`, `room`) VALUES (9520, 'IT 131', '09:30:00', '10:30:00', 'DAILY', 'S521');
INSERT INTO `iEnroll`.`classes` (`class_code`, `subject_code`, `start_time`, `end_time`, `days`, `room`) VALUES (9522, 'IT 131', '07:30:00', '08:30:00', 'DAILY', 'S521');
INSERT INTO `iEnroll`.`classes` (`class_code`, `subject_code`, `start_time`, `end_time`, `days`, `room`) VALUES (9524, 'IT 131', '08:30:00', '09:30:00', 'DAILY', 'S521');
INSERT INTO `iEnroll`.`classes` (`class_code`, `subject_code`, `start_time`, `end_time`, `days`, `room`) VALUES (9521, 'IT 131L', '07:30:00', '09:00:00', 'DAILY', 'S422');
INSERT INTO `iEnroll`.`classes` (`class_code`, `subject_code`, `start_time`, `end_time`, `days`, `room`) VALUES (9523, 'IT 131L', '10:30:00', '12:00:00', 'DAILY', 'S422');
INSERT INTO `iEnroll`.`classes` (`class_code`, `subject_code`, `start_time`, `end_time`, `days`, `room`) VALUES (9525, 'IT 131L', '09:00:00', '10:30:00', 'DAILY', 'S422');
INSERT INTO `iEnroll`.`classes` (`class_code`, `subject_code`, `start_time`, `end_time`, `days`, `room`) VALUES (9800, 'IT 132', '10:30:00', '11:30:00', 'DAILY', 'S426');
INSERT INTO `iEnroll`.`classes` (`class_code`, `subject_code`, `start_time`, `end_time`, `days`, `room`) VALUES (9801, 'IT 132', '13:00:00', '14:00:00', 'DAILY', 'S426');
INSERT INTO `iEnroll`.`classes` (`class_code`, `subject_code`, `start_time`, `end_time`, `days`, `room`) VALUES (9802, 'IT 132', '14:00:00', '15:00:00', 'DAILY', 'S426');

COMMIT;


-- -----------------------------------------------------
-- Data for table `iEnroll`.`curriculums`
-- -----------------------------------------------------
START TRANSACTION;
USE `iEnroll`;
INSERT INTO `iEnroll`.`curriculums` (`curr_id`, `school_year`, `course`, `year`, `semester`, `subject_code`) VALUES (1, 2014, 'BSIT', 1, 'FIRST', 'ENGL 1');
INSERT INTO `iEnroll`.`curriculums` (`curr_id`, `school_year`, `course`, `year`, `semester`, `subject_code`) VALUES (2, 2014, 'BSIT', 1, 'FIRST', 'FIL 1');
INSERT INTO `iEnroll`.`curriculums` (`curr_id`, `school_year`, `course`, `year`, `semester`, `subject_code`) VALUES (3, 2014, 'BSIT', 1, 'FIRST', 'HIST 1');
INSERT INTO `iEnroll`.`curriculums` (`curr_id`, `school_year`, `course`, `year`, `semester`, `subject_code`) VALUES (4, 2014, 'BSIT', 1, 'FIRST', 'IT 111');
INSERT INTO `iEnroll`.`curriculums` (`curr_id`, `school_year`, `course`, `year`, `semester`, `subject_code`) VALUES (5, 2014, 'BSIT', 1, 'FIRST', 'IT 111L');
INSERT INTO `iEnroll`.`curriculums` (`curr_id`, `school_year`, `course`, `year`, `semester`, `subject_code`) VALUES (6, 2014, 'BSIT', 1, 'FIRST', 'IT 112');
INSERT INTO `iEnroll`.`curriculums` (`curr_id`, `school_year`, `course`, `year`, `semester`, `subject_code`) VALUES (7, 2014, 'BSIT', 1, 'FIRST', 'IT 112L');
INSERT INTO `iEnroll`.`curriculums` (`curr_id`, `school_year`, `course`, `year`, `semester`, `subject_code`) VALUES (8, 2014, 'BSIT', 1, 'FIRST', 'MATH 1A');
INSERT INTO `iEnroll`.`curriculums` (`curr_id`, `school_year`, `course`, `year`, `semester`, `subject_code`) VALUES (9, 2014, 'BSIT', 1, 'FIRST', 'MATH 2A');
INSERT INTO `iEnroll`.`curriculums` (`curr_id`, `school_year`, `course`, `year`, `semester`, `subject_code`) VALUES (10, 2014, 'BSIT', 1, 'FIRST', 'P E 1');
INSERT INTO `iEnroll`.`curriculums` (`curr_id`, `school_year`, `course`, `year`, `semester`, `subject_code`) VALUES (11, 2014, 'BSIT', 1, 'FIRST', 'THEO 1');
INSERT INTO `iEnroll`.`curriculums` (`curr_id`, `school_year`, `course`, `year`, `semester`, `subject_code`) VALUES (12, 2014, 'BSIT', 1, 'SECOND', 'CHEM 1A');
INSERT INTO `iEnroll`.`curriculums` (`curr_id`, `school_year`, `course`, `year`, `semester`, `subject_code`) VALUES (13, 2014, 'BSIT', 1, 'SECOND', 'CHEM 1AL');
INSERT INTO `iEnroll`.`curriculums` (`curr_id`, `school_year`, `course`, `year`, `semester`, `subject_code`) VALUES (14, 2014, 'BSIT', 1, 'SECOND', 'ENGL 2');
INSERT INTO `iEnroll`.`curriculums` (`curr_id`, `school_year`, `course`, `year`, `semester`, `subject_code`) VALUES (15, 2014, 'BSIT', 1, 'SECOND', 'FIL 2');
INSERT INTO `iEnroll`.`curriculums` (`curr_id`, `school_year`, `course`, `year`, `semester`, `subject_code`) VALUES (16, 2014, 'BSIT', 1, 'SECOND', 'IT 121');
INSERT INTO `iEnroll`.`curriculums` (`curr_id`, `school_year`, `course`, `year`, `semester`, `subject_code`) VALUES (17, 2014, 'BSIT', 1, 'SECOND', 'IT 121L');
INSERT INTO `iEnroll`.`curriculums` (`curr_id`, `school_year`, `course`, `year`, `semester`, `subject_code`) VALUES (18, 2014, 'BSIT', 1, 'SECOND', 'IT 122');
INSERT INTO `iEnroll`.`curriculums` (`curr_id`, `school_year`, `course`, `year`, `semester`, `subject_code`) VALUES (19, 2014, 'BSIT', 1, 'SECOND', 'IT 122L');
INSERT INTO `iEnroll`.`curriculums` (`curr_id`, `school_year`, `course`, `year`, `semester`, `subject_code`) VALUES (20, 2014, 'BSIT', 1, 'SECOND', 'MATH 3B');
INSERT INTO `iEnroll`.`curriculums` (`curr_id`, `school_year`, `course`, `year`, `semester`, `subject_code`) VALUES (21, 2014, 'BSIT', 1, 'SECOND', 'P E 2');
INSERT INTO `iEnroll`.`curriculums` (`curr_id`, `school_year`, `course`, `year`, `semester`, `subject_code`) VALUES (22, 2014, 'BSIT', 1, 'SECOND', 'PHILOS 1');
INSERT INTO `iEnroll`.`curriculums` (`curr_id`, `school_year`, `course`, `year`, `semester`, `subject_code`) VALUES (23, 2014, 'BSIT', 1, 'SECOND', 'THEO 2');
INSERT INTO `iEnroll`.`curriculums` (`curr_id`, `school_year`, `course`, `year`, `semester`, `subject_code`) VALUES (24, 2014, 'BSIT', 1, 'SHORT TERM', 'IT 131');
INSERT INTO `iEnroll`.`curriculums` (`curr_id`, `school_year`, `course`, `year`, `semester`, `subject_code`) VALUES (25, 2014, 'BSIT', 1, 'SHORT TERM', 'IT 131L');
INSERT INTO `iEnroll`.`curriculums` (`curr_id`, `school_year`, `course`, `year`, `semester`, `subject_code`) VALUES (26, 2014, 'BSIT', 1, 'SHORT TERM', 'IT 132');
INSERT INTO `iEnroll`.`curriculums` (`curr_id`, `school_year`, `course`, `year`, `semester`, `subject_code`) VALUES (27, 2014, 'BSIT', 1, 'SHORT TERM', 'NSTP-CWTS 1');
INSERT INTO `iEnroll`.`curriculums` (`curr_id`, `school_year`, `course`, `year`, `semester`, `subject_code`) VALUES (28, 2014, 'BSIT', 2, 'FIRST', 'ENGL 4A');
INSERT INTO `iEnroll`.`curriculums` (`curr_id`, `school_year`, `course`, `year`, `semester`, `subject_code`) VALUES (29, 2014, 'BSIT', 2, 'FIRST', 'HIST 2');
INSERT INTO `iEnroll`.`curriculums` (`curr_id`, `school_year`, `course`, `year`, `semester`, `subject_code`) VALUES (30, 2014, 'BSIT', 2, 'FIRST', 'IT 211');
INSERT INTO `iEnroll`.`curriculums` (`curr_id`, `school_year`, `course`, `year`, `semester`, `subject_code`) VALUES (31, 2014, 'BSIT', 2, 'FIRST', 'MATH 4');
INSERT INTO `iEnroll`.`curriculums` (`curr_id`, `school_year`, `course`, `year`, `semester`, `subject_code`) VALUES (32, 2014, 'BSIT', 2, 'FIRST', 'P E 3');
INSERT INTO `iEnroll`.`curriculums` (`curr_id`, `school_year`, `course`, `year`, `semester`, `subject_code`) VALUES (33, 2014, 'BSIT', 2, 'FIRST', 'PHILOS 2');
INSERT INTO `iEnroll`.`curriculums` (`curr_id`, `school_year`, `course`, `year`, `semester`, `subject_code`) VALUES (34, 2014, 'BSIT', 2, 'FIRST', 'SOCIO 1');
INSERT INTO `iEnroll`.`curriculums` (`curr_id`, `school_year`, `course`, `year`, `semester`, `subject_code`) VALUES (35, 2014, 'BSIT', 2, 'FIRST', 'THEO 3');
INSERT INTO `iEnroll`.`curriculums` (`curr_id`, `school_year`, `course`, `year`, `semester`, `subject_code`) VALUES (36, 2014, 'BSIT', 2, 'SECOND', 'ECON 1');
INSERT INTO `iEnroll`.`curriculums` (`curr_id`, `school_year`, `course`, `year`, `semester`, `subject_code`) VALUES (37, 2014, 'BSIT', 2, 'SECOND', 'ENGL 7');
INSERT INTO `iEnroll`.`curriculums` (`curr_id`, `school_year`, `course`, `year`, `semester`, `subject_code`) VALUES (38, 2014, 'BSIT', 2, 'SECOND', 'IT 222');
INSERT INTO `iEnroll`.`curriculums` (`curr_id`, `school_year`, `course`, `year`, `semester`, `subject_code`) VALUES (39, 2014, 'BSIT', 2, 'SECOND', 'IT 222L');
INSERT INTO `iEnroll`.`curriculums` (`curr_id`, `school_year`, `course`, `year`, `semester`, `subject_code`) VALUES (40, 2014, 'BSIT', 2, 'SECOND', 'P E 4');
INSERT INTO `iEnroll`.`curriculums` (`curr_id`, `school_year`, `course`, `year`, `semester`, `subject_code`) VALUES (41, 2014, 'BSIT', 2, 'SECOND', 'PHYS 1A');
INSERT INTO `iEnroll`.`curriculums` (`curr_id`, `school_year`, `course`, `year`, `semester`, `subject_code`) VALUES (42, 2014, 'BSIT', 2, 'SECOND', 'PHYS 1AL');
INSERT INTO `iEnroll`.`curriculums` (`curr_id`, `school_year`, `course`, `year`, `semester`, `subject_code`) VALUES (43, 2014, 'BSIT', 2, 'SECOND', 'PSYCHO 1');
INSERT INTO `iEnroll`.`curriculums` (`curr_id`, `school_year`, `course`, `year`, `semester`, `subject_code`) VALUES (44, 2014, 'BSIT', 2, 'SECOND', 'THEO 4');
INSERT INTO `iEnroll`.`curriculums` (`curr_id`, `school_year`, `course`, `year`, `semester`, `subject_code`) VALUES (45, 2014, 'BSIT', 2, 'SHORT TERM', 'IT 221');
INSERT INTO `iEnroll`.`curriculums` (`curr_id`, `school_year`, `course`, `year`, `semester`, `subject_code`) VALUES (46, 2014, 'BSIT', 2, 'SHORT TERM', 'NSTP-CWTS 2');
INSERT INTO `iEnroll`.`curriculums` (`curr_id`, `school_year`, `course`, `year`, `semester`, `subject_code`) VALUES (47, 2014, 'BSIT', 2, 'SHORT TERM', 'POLIT SC 1');
INSERT INTO `iEnroll`.`curriculums` (`curr_id`, `school_year`, `course`, `year`, `semester`, `subject_code`) VALUES (48, 2014, 'BSIT', 3, 'FIRST', 'IM F02');
INSERT INTO `iEnroll`.`curriculums` (`curr_id`, `school_year`, `course`, `year`, `semester`, `subject_code`) VALUES (49, 2014, 'BSIT', 3, 'FIRST', 'IT 311');
INSERT INTO `iEnroll`.`curriculums` (`curr_id`, `school_year`, `course`, `year`, `semester`, `subject_code`) VALUES (50, 2014, 'BSIT', 3, 'FIRST', 'IT 312');
INSERT INTO `iEnroll`.`curriculums` (`curr_id`, `school_year`, `course`, `year`, `semester`, `subject_code`) VALUES (51, 2014, 'BSIT', 3, 'FIRST', 'IT 312L');
INSERT INTO `iEnroll`.`curriculums` (`curr_id`, `school_year`, `course`, `year`, `semester`, `subject_code`) VALUES (52, 2014, 'BSIT', 3, 'FIRST', 'IT 315');
INSERT INTO `iEnroll`.`curriculums` (`curr_id`, `school_year`, `course`, `year`, `semester`, `subject_code`) VALUES (53, 2014, 'BSIT', 3, 'FIRST', 'IT 315L');
INSERT INTO `iEnroll`.`curriculums` (`curr_id`, `school_year`, `course`, `year`, `semester`, `subject_code`) VALUES (54, 2014, 'BSIT', 3, 'FIRST', 'IT 317');
INSERT INTO `iEnroll`.`curriculums` (`curr_id`, `school_year`, `course`, `year`, `semester`, `subject_code`) VALUES (55, 2014, 'BSIT', 3, 'FIRST', 'IT 321');
INSERT INTO `iEnroll`.`curriculums` (`curr_id`, `school_year`, `course`, `year`, `semester`, `subject_code`) VALUES (56, 2014, 'BSIT', 3, 'SECOND', 'IT 316');
INSERT INTO `iEnroll`.`curriculums` (`curr_id`, `school_year`, `course`, `year`, `semester`, `subject_code`) VALUES (57, 2014, 'BSIT', 3, 'SECOND', 'IT 322');
INSERT INTO `iEnroll`.`curriculums` (`curr_id`, `school_year`, `course`, `year`, `semester`, `subject_code`) VALUES (58, 2014, 'BSIT', 3, 'SECOND', 'IT 322L');
INSERT INTO `iEnroll`.`curriculums` (`curr_id`, `school_year`, `course`, `year`, `semester`, `subject_code`) VALUES (59, 2014, 'BSIT', 3, 'SECOND', 'IT 323');
INSERT INTO `iEnroll`.`curriculums` (`curr_id`, `school_year`, `course`, `year`, `semester`, `subject_code`) VALUES (60, 2014, 'BSIT', 3, 'SECOND', 'IT 323L');
INSERT INTO `iEnroll`.`curriculums` (`curr_id`, `school_year`, `course`, `year`, `semester`, `subject_code`) VALUES (61, 2014, 'BSIT', 3, 'SECOND', 'IT 324');
INSERT INTO `iEnroll`.`curriculums` (`curr_id`, `school_year`, `course`, `year`, `semester`, `subject_code`) VALUES (62, 2014, 'BSIT', 3, 'SECOND', 'IT 324L');
INSERT INTO `iEnroll`.`curriculums` (`curr_id`, `school_year`, `course`, `year`, `semester`, `subject_code`) VALUES (63, 2014, 'BSIT', 3, 'SECOND', 'IT 412A');
INSERT INTO `iEnroll`.`curriculums` (`curr_id`, `school_year`, `course`, `year`, `semester`, `subject_code`) VALUES (64, 2014, 'BSIT', 3, 'SECOND', 'ITF 001');
INSERT INTO `iEnroll`.`curriculums` (`curr_id`, `school_year`, `course`, `year`, `semester`, `subject_code`) VALUES (65, 2014, 'BSIT', 3, 'SHORT TERM', 'IT412B');
INSERT INTO `iEnroll`.`curriculums` (`curr_id`, `school_year`, `course`, `year`, `semester`, `subject_code`) VALUES (66, 2014, 'BSIT', 4, 'FIRST', 'IT 325N');
INSERT INTO `iEnroll`.`curriculums` (`curr_id`, `school_year`, `course`, `year`, `semester`, `subject_code`) VALUES (67, 2014, 'BSIT', 4, 'FIRST', 'IT 411');
INSERT INTO `iEnroll`.`curriculums` (`curr_id`, `school_year`, `course`, `year`, `semester`, `subject_code`) VALUES (68, 2014, 'BSIT', 4, 'FIRST', 'IT 413');
INSERT INTO `iEnroll`.`curriculums` (`curr_id`, `school_year`, `course`, `year`, `semester`, `subject_code`) VALUES (69, 2014, 'BSIT', 4, 'FIRST', 'IT 424');
INSERT INTO `iEnroll`.`curriculums` (`curr_id`, `school_year`, `course`, `year`, `semester`, `subject_code`) VALUES (70, 2014, 'BSIT', 4, 'FIRST', 'MATH 7AN');
INSERT INTO `iEnroll`.`curriculums` (`curr_id`, `school_year`, `course`, `year`, `semester`, `subject_code`) VALUES (71, 2014, 'BSIT', 4, 'SECOND', 'IT 014');
INSERT INTO `iEnroll`.`curriculums` (`curr_id`, `school_year`, `course`, `year`, `semester`, `subject_code`) VALUES (72, 2014, 'BSIT', 4, 'SECOND', 'IT 414');
INSERT INTO `iEnroll`.`curriculums` (`curr_id`, `school_year`, `course`, `year`, `semester`, `subject_code`) VALUES (73, 2014, 'BSIT', 4, 'SECOND', 'IT 421');
INSERT INTO `iEnroll`.`curriculums` (`curr_id`, `school_year`, `course`, `year`, `semester`, `subject_code`) VALUES (74, 2014, 'BSIT', 4, 'SECOND', 'IT 423');

COMMIT;


-- -----------------------------------------------------
-- Data for table `iEnroll`.`transcripts`
-- -----------------------------------------------------
START TRANSACTION;
USE `iEnroll`;
INSERT INTO `iEnroll`.`transcripts` (`trans_id`, `student_id`, `subject_code`, `credited_unit`) VALUES (3, 2140005, 'ENGL 1', 3);
INSERT INTO `iEnroll`.`transcripts` (`trans_id`, `student_id`, `subject_code`, `credited_unit`) VALUES (5, 2140005, 'FIL 1', 3);
INSERT INTO `iEnroll`.`transcripts` (`trans_id`, `student_id`, `subject_code`, `credited_unit`) VALUES (7, 2140005, 'HIST 1', 3);
INSERT INTO `iEnroll`.`transcripts` (`trans_id`, `student_id`, `subject_code`, `credited_unit`) VALUES (8, 2140005, 'IT 111', 2);
INSERT INTO `iEnroll`.`transcripts` (`trans_id`, `student_id`, `subject_code`, `credited_unit`) VALUES (9, 2140005, 'IT 111L', 1);
INSERT INTO `iEnroll`.`transcripts` (`trans_id`, `student_id`, `subject_code`, `credited_unit`) VALUES (10, 2140005, 'IT 112', 2);
INSERT INTO `iEnroll`.`transcripts` (`trans_id`, `student_id`, `subject_code`, `credited_unit`) VALUES (11, 2140005, 'IT 112L', 1);
INSERT INTO `iEnroll`.`transcripts` (`trans_id`, `student_id`, `subject_code`, `credited_unit`) VALUES (16, 2140005, 'MATH 1A', 3);
INSERT INTO `iEnroll`.`transcripts` (`trans_id`, `student_id`, `subject_code`, `credited_unit`) VALUES (17, 2140005, 'MATH 2A', 3);
INSERT INTO `iEnroll`.`transcripts` (`trans_id`, `student_id`, `subject_code`, `credited_unit`) VALUES (19, 2140005, 'P E 1', 2);
INSERT INTO `iEnroll`.`transcripts` (`trans_id`, `student_id`, `subject_code`, `credited_unit`) VALUES (22, 2140005, 'THEO 1', 3);
INSERT INTO `iEnroll`.`transcripts` (`trans_id`, `student_id`, `subject_code`, `credited_unit`) VALUES (1, 2140005, 'CHEM 1A', 3);
INSERT INTO `iEnroll`.`transcripts` (`trans_id`, `student_id`, `subject_code`, `credited_unit`) VALUES (2, 2140005, 'CHEM 1AL', 1);
INSERT INTO `iEnroll`.`transcripts` (`trans_id`, `student_id`, `subject_code`, `credited_unit`) VALUES (4, 2140005, 'ENGL 2', 3);
INSERT INTO `iEnroll`.`transcripts` (`trans_id`, `student_id`, `subject_code`, `credited_unit`) VALUES (6, 2140005, 'FIL 2', 3);
INSERT INTO `iEnroll`.`transcripts` (`trans_id`, `student_id`, `subject_code`, `credited_unit`) VALUES (12, 2140005, 'IT 121', 2);
INSERT INTO `iEnroll`.`transcripts` (`trans_id`, `student_id`, `subject_code`, `credited_unit`) VALUES (13, 2140005, 'IT 121L', 1);
INSERT INTO `iEnroll`.`transcripts` (`trans_id`, `student_id`, `subject_code`, `credited_unit`) VALUES (14, 2140005, 'IT 122', 2);
INSERT INTO `iEnroll`.`transcripts` (`trans_id`, `student_id`, `subject_code`, `credited_unit`) VALUES (15, 2140005, 'IT 122L', 1);
INSERT INTO `iEnroll`.`transcripts` (`trans_id`, `student_id`, `subject_code`, `credited_unit`) VALUES (18, 2140005, 'MATH 3B', 4);
INSERT INTO `iEnroll`.`transcripts` (`trans_id`, `student_id`, `subject_code`, `credited_unit`) VALUES (20, 2140005, 'P E 2', 2);
INSERT INTO `iEnroll`.`transcripts` (`trans_id`, `student_id`, `subject_code`, `credited_unit`) VALUES (21, 2140005, 'PHILOS 1', 3);
INSERT INTO `iEnroll`.`transcripts` (`trans_id`, `student_id`, `subject_code`, `credited_unit`) VALUES (23, 2140005, 'THEO 2', 3);

COMMIT;


-- -----------------------------------------------------
-- Data for table `iEnroll`.`enrolled_subjects`
-- -----------------------------------------------------
START TRANSACTION;
USE `iEnroll`;
INSERT INTO `iEnroll`.`enrolled_subjects` (`es_id`, `student_id`, `class_code`) VALUES (1, 2140005, 7026);
INSERT INTO `iEnroll`.`enrolled_subjects` (`es_id`, `student_id`, `class_code`) VALUES (2, 2140005, 9520);
INSERT INTO `iEnroll`.`enrolled_subjects` (`es_id`, `student_id`, `class_code`) VALUES (3, 2140005, 9521);
INSERT INTO `iEnroll`.`enrolled_subjects` (`es_id`, `student_id`, `class_code`) VALUES (4, 2140005, 9800);

COMMIT;

